{"mc":{
	"loadingren":{
		"frameRate":8,
		"labels":[
			{"name":"jz","frame":1,"end":5}
			
			],
		"events":[
			
			],
		"frames":[
			
			{
			"res":"10005",
			"x":-27,
			"y":-42
			},
			{
			"res":"10006",
			"x":-26,
			"y":-42
			},
			{
			"res":"10007",
			"x":-26,
			"y":-42
			},
			{
			"res":"10008",
			"x":-26,
			"y":-43
			},
			{
			"res":"10009",
			"x":-27,
			"y":-43
			}
			]
}},
	"res":{
		"10008":{"x":60,"y":47,"w":58,"h":44},
		"10009":{"x":60,"y":1,"w":59,"h":44},
		"10005":{"x":121,"y":1,"w":56,"h":43},
		"10006":{"x":1,"y":1,"w":57,"h":47},
		"10007":{"x":1,"y":50,"w":57,"h":45}
	}}