{"file":"_notice_res.png","frames":{
"head10":{"x":364,"y":170,"w":81,"h":81,"offX":0,"offY":0,"sourceW":81,"sourceH":81},
"head11":{"x":364,"y":85,"w":81,"h":81,"offX":0,"offY":0,"sourceW":81,"sourceH":81},
"head20":{"x":364,"y":0,"w":81,"h":81,"offX":0,"offY":0,"sourceW":81,"sourceH":81},
"head21":{"x":279,"y":170,"w":81,"h":81,"offX":0,"offY":0,"sourceW":81,"sourceH":81},
"head30":{"x":279,"y":85,"w":81,"h":81,"offX":0,"offY":0,"sourceW":81,"sourceH":81},
"head31":{"x":279,"y":0,"w":81,"h":81,"offX":0,"offY":0,"sourceW":81,"sourceH":81},
"_ui_bm_fuwuqibg@60_54_58_58":{"x":218,"y":343,"w":121,"h":115,"offX":0,"offY":0,"sourceW":121,"sourceH":115},
"_ui_bm_gonggao":{"x":745,"y":441,"w":89,"h":42,"offX":0,"offY":0,"sourceW":89,"sourceH":42},
"_ui_bm_hot":{"x":591,"y":441,"w":73,"h":63,"offX":0,"offY":0,"sourceW":73,"sourceH":63},
"_ui_bm_touxiangkuang":{"x":441,"y":343,"w":90,"h":91,"offX":1,"offY":1,"sourceW":92,"sourceH":92},
"_ui_bm_weihuzhong":{"x":514,"y":441,"w":73,"h":64,"offX":0,"offY":0,"sourceW":73,"sourceH":64},
"_ui_bm_xin":{"x":668,"y":441,"w":73,"h":63,"offX":0,"offY":0,"sourceW":73,"sourceH":63},
"_ui_bt_007_up":{"x":343,"y":343,"w":94,"h":94,"offX":0,"offY":0,"sourceW":94,"sourceH":94},
"_ui_bt_008_up":{"x":441,"y":438,"w":69,"h":69,"offX":3,"offY":1,"sourceW":79,"sourceH":78},
"_ui_bt_fuwuqi0":{"x":0,"y":423,"w":214,"h":76,"offX":0,"offY":0,"sourceW":214,"sourceH":76},
"_ui_bt_fuwuqi02":{"x":0,"y":343,"w":214,"h":76,"offX":0,"offY":0,"sourceW":214,"sourceH":76},
"_ui_cj_bm_fuwuqixuanzhe":{"x":218,"y":462,"w":186,"h":42,"offX":0,"offY":0,"sourceW":186,"sourceH":42},
"_ui_sbm_001@120_120_120_120":{"x":0,"y":0,"w":275,"h":269,"offX":0,"offY":0,"sourceW":277,"sourceH":269},
"_ui_sbm_002@20_9_20_9":{"x":745,"y":487,"w":47,"h":20,"offX":0,"offY":0,"sourceW":47,"sourceH":20},
"_ui_sbm_003@258_0_255_0":{"x":0,"y":273,"w":507,"h":66,"offX":5,"offY":9,"sourceW":516,"sourceH":79}}}