{"file":"_start_res2.png","frames":{
"_start_load_Reel":{"x":207,"y":0,"w":119,"h":121,"offX":9,"offY":6,"sourceW":134,"sourceH":134},
"_ui_black":{"x":119,"y":368,"w":50,"h":50,"offX":0,"offY":0,"sourceW":50,"sourceH":50},
"_ui_bm_cjjindutiao01@63_0_60_0":{"x":311,"y":294,"w":119,"h":38,"offX":5,"offY":7,"sourceW":126,"sourceH":49},
"_ui_bm_cjjindutiao02@14_0_8_0":{"x":76,"y":403,"w":25,"h":27,"offX":0,"offY":0,"sourceW":25,"sourceH":27},
"_ui_bm_fuwuqimingchengbg@24_0_24_0":{"x":434,"y":287,"w":51,"h":78,"offX":0,"offY":0,"sourceW":51,"sourceH":78},
"_ui_bm_mingzibg@20_19_19_19":{"x":429,"y":369,"w":42,"h":40,"offX":0,"offY":1,"sourceW":42,"sourceH":41},
"_ui_bm_touzi":{"x":311,"y":336,"w":61,"h":61,"offX":2,"offY":2,"sourceW":63,"sourceH":65},
"_ui_bm_yun":{"x":207,"y":125,"w":95,"h":53,"offX":0,"offY":0,"sourceW":95,"sourceH":53},
"_ui_bt_dianjixuanfu":{"x":0,"y":368,"w":115,"h":31,"offX":0,"offY":0,"sourceW":116,"sourceH":31},
"_ui_bt_gonggao":{"x":407,"y":196,"w":85,"h":87,"offX":0,"offY":1,"sourceW":86,"sourceH":88},
"_ui_bt_jiantou":{"x":376,"y":336,"w":49,"h":57,"offX":0,"offY":0,"sourceW":49,"sourceH":57},
"_ui_bt_kaishiyouxi":{"x":0,"y":196,"w":304,"h":107,"offX":27,"offY":3,"sourceW":353,"sourceH":110},
"_ui_bt_nan":{"x":429,"y":0,"w":76,"h":78,"offX":1,"offY":0,"sourceW":78,"sourceH":78},
"_ui_bt_nv":{"x":429,"y":82,"w":76,"h":78,"offX":1,"offY":0,"sourceW":78,"sourceH":78},
"_ui_cjjs_bm_gou":{"x":173,"y":368,"w":44,"h":43,"offX":0,"offY":1,"sourceW":44,"sourceH":44},
"_ui_cjjs_bm_mozu":{"x":221,"y":368,"w":58,"h":29,"offX":3,"offY":2,"sourceW":63,"sourceH":33},
"_ui_cjjs_bm_renzu":{"x":221,"y":401,"w":58,"h":28,"offX":3,"offY":3,"sourceW":63,"sourceH":33},
"_ui_cjjs_bm_wenbenbg":{"x":0,"y":307,"w":307,"h":57,"offX":39,"offY":2,"sourceW":385,"sourceH":60},
"_ui_cjjs_bm_xianzu":{"x":429,"y":164,"w":59,"h":28,"offX":2,"offY":3,"sourceW":63,"sourceH":33},
"_ui_cjjs_bm_xuanzhongxiaoguo":{"x":0,"y":0,"w":203,"h":192,"offX":2,"offY":0,"sourceW":206,"sourceH":193},
"_ui_icon_mozhu":{"x":330,"y":98,"w":95,"h":94,"offX":14,"offY":14,"sourceW":122,"sourceH":114},
"_ui_icon_renzhu":{"x":330,"y":0,"w":95,"h":94,"offX":14,"offY":14,"sourceW":122,"sourceH":114},
"_ui_icon_tongchang":{"x":44,"y":403,"w":28,"h":28,"offX":0,"offY":0,"sourceW":28,"sourceH":28},
"_ui_icon_weihu":{"x":475,"y":401,"w":28,"h":28,"offX":0,"offY":0,"sourceW":28,"sourceH":28},
"_ui_icon_xianzhu":{"x":308,"y":196,"w":95,"h":94,"offX":14,"offY":14,"sourceW":122,"sourceH":114},
"_ui_icon_yiyoujuese":{"x":306,"y":125,"w":18,"h":21,"offX":0,"offY":0,"sourceW":18,"sourceH":21},
"_ui_icon_yonji":{"x":475,"y":369,"w":28,"h":28,"offX":0,"offY":0,"sourceW":28,"sourceH":28},
"_ui_xzjs_h1":{"x":327,"y":401,"w":39,"h":24,"offX":0,"offY":0,"sourceW":40,"sourceH":24},
"_ui_xzjs_h2":{"x":283,"y":401,"w":40,"h":24,"offX":0,"offY":0,"sourceW":40,"sourceH":24},
"_ui_xzjs_h3":{"x":376,"y":397,"w":40,"h":24,"offX":0,"offY":0,"sourceW":40,"sourceH":24},
"_ui_xzjs_h4":{"x":0,"y":403,"w":40,"h":21,"offX":0,"offY":2,"sourceW":40,"sourceH":24}}}